user_id,avg_likes,avg_comments,avg_engagement,avg_sentiment,neg_post_ratio,total_posts,avg_post_interval,avg_emotional_words,night_activity_ratio,engagement_volatility,label
u001,189.0,29.0,218.0,0.1758727272727273,0.2272727272727272,22,16457.14285714286,0.2727272727272727,0.2727272727272727,84.84607912483135,0
u002,157.5909090909091,22.227272727272727,179.8181818181818,0.2930090909090909,0.0454545454545454,22,18514.285714285717,0.0909090909090909,0.3181818181818182,93.93900572465516,0
u003,140.0952380952381,27.571428571428573,167.66666666666666,0.3249523809523809,0.1428571428571428,21,18360.0,0.238095238095238,0.2857142857142857,83.19154604485563,0
u004,134.3684210526316,26.57894736842105,160.94736842105263,0.3756157894736842,0.0526315789473684,19,21600.0,0.1578947368421052,0.3157894736842105,84.91857124734294,0
u005,182.0,27.85,209.85,0.2726,0.2,20,16105.263157894737,0.25,0.3,66.1101751862593,0
u006,146.16666666666666,22.22222222222222,168.38888888888889,0.2880388888888889,0.1111111111111111,18,21600.0,0.2222222222222222,0.1666666666666666,96.53413836193415,0
u007,127.38888888888889,26.55555555555556,153.94444444444446,0.3350333333333333,0.1111111111111111,18,18000.0,0.2222222222222222,0.5,92.12681299818534,1
u008,149.94444444444446,28.33333333333333,178.27777777777777,0.2971222222222222,0.0555555555555555,18,21600.0,0.1666666666666666,0.1111111111111111,72.83406245428556,0
u009,154.22222222222223,22.05555555555556,176.27777777777777,0.29685,0.0555555555555555,18,21600.0,0.1666666666666666,0.0555555555555555,80.6691176098246,0
u010,125.05,28.0,153.05,0.4977349999999999,0.0,20,18189.473684210527,0.15,0.1,79.20956547764855,0
u011,175.52631578947367,22.894736842105264,198.42105263157896,0.2787105263157895,0.1578947368421052,19,14000.0,0.2631578947368421,0.3157894736842105,81.61380315545328,0
u012,124.38888888888889,21.11111111111111,145.5,0.2529722222222222,0.1111111111111111,18,13764.70588235294,0.1111111111111111,0.4444444444444444,91.561775995933,1
u013,150.95238095238096,17.714285714285715,168.66666666666666,0.3360190476190476,0.0476190476190476,21,20520.0,0.1428571428571428,0.238095238095238,84.61284378469578,0
u014,167.0909090909091,24.818181818181817,191.9090909090909,0.2119,0.1363636363636363,22,18514.285714285717,0.2272727272727272,0.1363636363636363,83.91997837560953,0
u015,147.3,26.75,174.05,0.40193,0.1,20,20463.157894736843,0.4,0.5,82.96700358703168,1
u016,154.05555555555554,24.88888888888889,178.94444444444446,0.2952944444444444,0.1111111111111111,18,20329.41176470588,0.1111111111111111,0.2222222222222222,78.71428020694042,0
u017,168.23809523809524,28.80952380952381,197.04761904761904,0.2685714285714285,0.0952380952380952,21,19440.0,0.2857142857142857,0.3333333333333333,70.76332114201269,0
u018,129.66666666666666,26.666666666666668,156.33333333333334,0.4704190476190476,0.0952380952380952,21,16200.0,0.1904761904761904,0.3809523809523809,80.41164923898361,0
u019,166.0,30.11111111111111,196.11111111111111,0.1886222222222222,0.1666666666666666,18,16517.647058823528,0.2222222222222222,0.3333333333333333,101.96994302756944,0
u020,133.6818181818182,26.045454545454547,159.72727272727272,0.4060181818181818,0.0454545454545454,22,19542.85714285714,0.2727272727272727,0.4090909090909091,84.5797351717987,1
u021,130.16666666666666,22.0,152.16666666666666,0.2868277777777778,0.2222222222222222,18,19058.82352941177,0.3333333333333333,0.3333333333333333,88.22181269558067,0
u022,165.0,21.19047619047619,186.1904761904762,0.3941190476190476,0.1428571428571428,21,19440.0,0.3809523809523809,0.4285714285714285,93.99926544799116,1
u023,140.85,26.0,166.85,0.460825,0.05,20,21600.0,0.1,0.25,93.89651358361446,0
u024,165.1818181818182,25.681818181818183,190.8636363636364,0.1914090909090909,0.1363636363636363,22,18514.285714285717,0.2727272727272727,0.2272727272727272,69.12190435988914,0
u025,126.73684210526316,28.05263157894737,154.78947368421052,0.2660263157894736,0.1578947368421052,19,18000.0,0.2105263157894736,0.3157894736842105,84.26847238793694,0
u026,146.10526315789474,17.05263157894737,163.1578947368421,0.4355736842105263,0.0526315789473684,19,20400.0,0.3684210526315789,0.4210526315789473,82.61037273981111,1
u027,177.72222222222223,23.27777777777778,201.0,0.1347722222222222,0.3333333333333333,18,16517.647058823528,0.3888888888888889,0.2777777777777778,82.2199346086995,0
u028,129.8421052631579,27.36842105263158,157.21052631578948,0.3379263157894737,0.1052631578947368,19,17000.0,0.1578947368421052,0.3157894736842105,71.82043886385333,0
u029,171.5,27.2,198.7,0.215605,0.15,20,21600.0,0.25,0.15,87.99288248728448,0
u030,140.36363636363637,22.59090909090909,162.95454545454547,0.3989181818181818,0.0909090909090909,22,21600.0,0.2727272727272727,0.3181818181818182,93.38169356271436,0
u031,184.3636363636364,26.818181818181817,211.1818181818182,0.3664636363636364,0.0909090909090909,22,18514.285714285717,0.2727272727272727,0.1363636363636363,70.4709574516754,0
u032,171.0,25.1,196.1,0.18565,0.15,20,18000.0,0.3,0.35,80.83114303417047,0
u033,138.3684210526316,22.42105263157895,160.78947368421052,0.3963368421052631,0.0526315789473684,19,19200.0,0.1578947368421052,0.3157894736842105,100.88419045143266,0
u034,147.15,19.3,166.45,0.334685,0.15,20,19326.315789473683,0.4,0.05,70.79583321071941,0
u035,154.88888888888889,24.05555555555556,178.94444444444446,0.2528333333333333,0.1111111111111111,18,18000.0,0.2222222222222222,0.1666666666666666,93.26462807341916,0
u036,148.16666666666666,27.27777777777778,175.44444444444446,0.3365333333333333,0.2222222222222222,18,19058.82352941177,0.3888888888888889,0.2777777777777778,88.44820499772882,0
u037,130.8,29.0,159.8,0.2909899999999999,0.1,20,21600.0,0.25,0.2,85.29614046923442,0
u038,143.04761904761904,23.142857142857142,166.1904761904762,0.430152380952381,0.0476190476190476,21,20520.0,0.1904761904761904,0.1904761904761904,74.75668468278876,0
u039,145.76470588235293,27.058823529411764,172.8235294117647,0.3996176470588235,0.0588235294117647,17,16200.0,0.1764705882352941,0.2352941176470588,95.02712461063264,0
u040,140.0,27.72222222222222,167.72222222222223,0.3364388888888889,0.0555555555555555,18,14400.0,0.2777777777777778,0.2222222222222222,83.20619713597097,0
u041,127.0,22.0,149.0,0.36225,0.1,20,12884.21052631579,0.3,0.4,83.59803573617845,0
u042,162.57142857142858,23.428571428571427,186.0,0.3250142857142857,0.1428571428571428,21,19440.0,0.3333333333333333,0.238095238095238,86.01220843577961,0
u043,125.0,25.5,150.5,0.3790333333333333,0.0555555555555555,18,19058.82352941177,0.2777777777777778,0.3333333333333333,78.84478422825444,0
u044,165.05,26.75,191.8,0.5245650000000001,0.05,20,21600.0,0.35,0.2,103.6408779340824,0
u045,151.28571428571428,18.33333333333333,169.61904761904762,0.2883952380952381,0.0952380952380952,21,19440.0,0.1428571428571428,0.3809523809523809,93.20808773409966,0
u046,128.05,29.8,157.85,0.424335,0.1,20,18000.0,0.35,0.25,101.48076042699968,0
u047,135.95238095238096,24.23809523809524,160.1904761904762,0.3285952380952381,0.0952380952380952,21,21600.0,0.1904761904761904,0.238095238095238,99.44627647509938,0
u048,169.7058823529412,22.647058823529413,192.35294117647055,0.3856647058823529,0.0,17,20250.0,0.0588235294117647,0.1764705882352941,75.93907193967296,0
u049,149.61904761904762,27.38095238095238,177.0,0.3349238095238095,0.0952380952380952,21,20520.0,0.238095238095238,0.3333333333333333,82.0213386869539,0
u050,150.42857142857142,28.285714285714285,178.71428571428572,0.0828047619047619,0.1904761904761904,21,18360.0,0.2857142857142857,0.238095238095238,107.4137527773529,0
u051,150.6315789473684,21.05263157894737,171.68421052631578,0.3796421052631579,0.1052631578947368,19,15600.0,0.2105263157894736,0.2631578947368421,92.30748894114647,0
u052,131.0,26.4,157.4,0.399045,0.0,20,22736.84210526316,0.15,0.25,89.79590894443852,0
u053,148.76190476190476,25.0,173.76190476190476,0.3737904761904762,0.0952380952380952,21,20520.0,0.1904761904761904,0.3333333333333333,76.08344416619477,0
u054,181.38888888888889,20.444444444444443,201.83333333333331,0.3465388888888889,0.1111111111111111,18,16941.176470588234,0.1111111111111111,0.3888888888888889,83.21499440676328,0
u055,167.57142857142858,22.61904761904762,190.1904761904762,0.3145809523809524,0.0,21,14400.0,0.0952380952380952,0.1428571428571428,88.26925798239104,0
u056,135.61904761904762,23.52380952380953,159.14285714285714,0.3714952380952381,0.1428571428571428,21,16200.0,0.3809523809523809,0.2857142857142857,91.7563543926445,0
u057,147.28571428571428,25.476190476190474,172.76190476190476,0.3399428571428571,0.0952380952380952,21,16200.0,0.238095238095238,0.3333333333333333,90.05881675988464,0
u058,186.10526315789477,20.894736842105264,207.0,0.4103894736842105,0.0,19,19000.0,0.1578947368421052,0.3157894736842105,81.65237970268296,0
u059,132.38888888888889,25.444444444444443,157.83333333333334,0.3452888888888889,0.1111111111111111,18,21600.0,0.2222222222222222,0.1111111111111111,103.2998206250934,0
u060,128.77777777777777,21.22222222222222,150.0,0.2868833333333333,0.1666666666666666,18,19058.82352941177,0.3333333333333333,0.2222222222222222,77.001145904384,0
u061,125.85,19.25,145.1,0.314795,0.05,20,13642.105263157897,0.25,0.3,79.44670507559404,0
u062,135.05263157894737,20.68421052631579,155.73684210526315,0.4892263157894736,0.0526315789473684,19,19200.0,0.2631578947368421,0.3684210526315789,88.19979976373287,0
u063,158.23809523809524,26.952380952380956,185.1904761904762,0.1490285714285714,0.1904761904761904,21,21600.0,0.238095238095238,0.238095238095238,98.0477531856896,0
u064,160.5,21.318181818181817,181.8181818181818,0.3137681818181818,0.1818181818181818,22,13714.285714285714,0.3636363636363636,0.2272727272727272,91.00216447642298,0
u065,155.2941176470588,26.176470588235293,181.4705882352941,0.3406294117647059,0.1764705882352941,17,22950.0,0.2352941176470588,0.2941176470588235,82.7882220239229,0
u066,158.0,26.31578947368421,184.31578947368425,0.4339842105263157,0.1578947368421052,19,14400.0,0.3684210526315789,0.2105263157894736,87.72878194347936,0
u067,162.5909090909091,26.181818181818183,188.77272727272728,0.3341818181818182,0.0909090909090909,22,14571.42857142857,0.2727272727272727,0.3181818181818182,94.6240339036959,0
u068,170.05,25.5,195.55,0.32785,0.15,20,21600.0,0.2,0.2,101.10207192421144,0
u069,158.0,31.63157894736842,189.6315789473684,0.2299578947368421,0.2105263157894736,19,16000.0,0.2631578947368421,0.2631578947368421,94.99778390767028,0
u070,149.3,20.65,169.95,0.3580649999999999,0.1,20,18189.473684210527,0.15,0.3,97.17725259057612,0
u071,130.3,20.8,151.1,0.26464,0.05,20,18947.36842105263,0.15,0.3,102.81147795844586,0
u072,141.66666666666666,20.285714285714285,161.95238095238096,0.4629999999999999,0.0,21,20520.0,0.2857142857142857,0.2857142857142857,108.62019894590333,0
u073,132.4,20.2,152.6,0.260585,0.2,20,17052.63157894737,0.35,0.3,95.6024663852736,0
u074,165.68421052631578,22.210526315789476,187.8947368421053,0.3240947368421052,0.0526315789473684,19,21600.0,0.1578947368421052,0.2631578947368421,69.11415254397139,0
u075,155.5,26.045454545454547,181.54545454545453,0.1721772727272727,0.1363636363636363,22,20571.42857142857,0.1363636363636363,0.2272727272727272,92.20150152311447,0
u076,169.95454545454547,24.863636363636363,194.8181818181818,0.2229181818181818,0.1818181818181818,22,12342.857142857143,0.3636363636363636,0.2727272727272727,100.06266434858108,0
u077,133.9090909090909,28.90909090909091,162.8181818181818,0.3628136363636363,0.0909090909090909,22,20571.42857142857,0.2727272727272727,0.2272727272727272,84.06042971669751,0
u078,146.94444444444446,22.0,168.94444444444446,0.4974166666666667,0.1111111111111111,18,17788.235294117647,0.2222222222222222,0.3888888888888889,61.73898779846561,0
u079,102.55555555555556,22.27777777777778,124.83333333333331,0.3087611111111111,0.0555555555555555,18,17788.235294117647,0.1666666666666666,0.2777777777777778,77.71838301729862,0
u080,176.0,26.045454545454547,202.04545454545453,0.3437181818181818,0.1818181818181818,22,19542.85714285714,0.2727272727272727,0.2272727272727272,96.37302392402005,0
u081,150.68421052631578,23.05263157894737,173.73684210526315,0.2591,0.1052631578947368,19,19200.0,0.2105263157894736,0.1052631578947368,100.7355405147906,0
u082,129.66666666666666,25.944444444444443,155.61111111111111,0.3263999999999999,0.1666666666666666,18,18000.0,0.3333333333333333,0.3888888888888889,78.27338131333168,0
u083,152.44444444444446,23.72222222222222,176.16666666666666,0.0947777777777778,0.2222222222222222,18,19058.82352941177,0.2222222222222222,0.2222222222222222,81.8752638073882,0
u084,144.47619047619048,30.476190476190474,174.95238095238096,0.2281428571428571,0.0952380952380952,21,21600.0,0.1904761904761904,0.3333333333333333,89.2510370754739,0
u085,127.5909090909091,24.727272727272727,152.3181818181818,0.2659818181818181,0.1818181818181818,22,19542.85714285714,0.4090909090909091,0.2727272727272727,84.44800393120828,0
u086,151.4,23.7,175.1,0.3676,0.1,20,18947.36842105263,0.3,0.15,103.49924993371742,0
u087,157.45454545454547,21.63636363636364,179.0909090909091,0.3362,0.0909090909090909,22,18000.0,0.1363636363636363,0.0454545454545454,70.48195249640597,0
u088,138.1,22.65,160.75,0.127415,0.2,20,19326.315789473683,0.2,0.35,90.31982646479996,0
u089,120.75,23.8,144.55,0.33157,0.1,20,12505.263157894737,0.1,0.4,81.6613514202984,0
u090,153.2,21.45,174.65,0.306935,0.15,20,20463.157894736843,0.25,0.3,77.95496338136188,0
u091,147.31578947368422,18.894736842105264,166.21052631578948,0.0500052631578947,0.2631578947368421,19,16000.0,0.3157894736842105,0.3684210526315789,86.80218823878195,0
u092,178.0,30.68421052631579,208.68421052631575,0.2257894736842105,0.1578947368421052,19,18000.0,0.2105263157894736,0.4736842105263157,97.41723132518358,1
u093,126.23809523809524,23.142857142857142,149.38095238095238,0.4502523809523809,0.0,21,16200.0,0.0952380952380952,0.1904761904761904,78.53691882832952,0
u094,134.1,23.0,157.1,0.2003349999999999,0.15,20,17052.63157894737,0.35,0.3,77.94120591155469,0
u095,159.52631578947367,24.894736842105264,184.42105263157896,0.1993210526315789,0.2105263157894736,19,19200.0,0.2631578947368421,0.2105263157894736,87.89091457879522,0
u096,151.75,24.2,175.95,0.27795,0.2,20,19326.315789473683,0.4,0.2,94.30324825571464,0
u097,144.5,27.666666666666668,172.16666666666666,0.0320055555555555,0.3888888888888889,18,20329.41176470588,0.3888888888888889,0.0555555555555555,94.52684025932405,0
u098,138.57894736842104,25.84210526315789,164.42105263157896,0.3202842105263158,0.1052631578947368,19,21600.0,0.2631578947368421,0.3157894736842105,89.65446991984385,0
u099,129.22222222222223,30.38888888888889,159.61111111111111,0.2956944444444444,0.1111111111111111,18,19058.82352941177,0.2777777777777778,0.2777777777777778,63.03233426899795,0
u100,156.0,24.80952380952381,180.8095238095238,0.3652142857142857,0.0952380952380952,21,13500.0,0.3333333333333333,0.0476190476190476,81.72797504381167,0
u101,128.38888888888889,30.77777777777778,159.16666666666666,0.1244277777777777,0.1666666666666666,18,20329.41176470588,0.2222222222222222,0.2777777777777778,87.19096688236891,0
u102,135.5,28.444444444444443,163.94444444444446,0.3789944444444444,0.1111111111111111,18,16941.176470588234,0.1666666666666666,0.1666666666666666,90.2033468938358,0
u103,143.0952380952381,22.904761904761905,166.0,0.4702904761904761,0.0,21,19440.0,0.0952380952380952,0.238095238095238,70.96477999684068,0
u104,151.21052631578948,21.05263157894737,172.26315789473685,0.4036052631578947,0.0526315789473684,19,21600.0,0.2631578947368421,0.2631578947368421,90.00977854610092,0
u105,159.05263157894737,22.73684210526316,181.7894736842105,0.3115947368421052,0.0526315789473684,19,20400.0,0.0526315789473684,0.3157894736842105,94.44315100593492,0
u106,146.55,25.35,171.9,0.40438,0.0,20,17052.63157894737,0.1,0.3,95.45067615762274,0
u107,164.04761904761904,22.666666666666668,186.7142857142857,0.2182619047619048,0.1904761904761904,21,18000.0,0.2857142857142857,0.0952380952380952,99.6640069719971,0
u108,127.63157894736842,23.42105263157895,151.05263157894737,0.2815526315789474,0.1578947368421052,19,21600.0,0.3684210526315789,0.2105263157894736,87.06732623806484,0
u109,146.45,16.25,162.7,0.255425,0.15,20,18947.36842105263,0.3,0.5,81.36991555786904,1
u110,146.27272727272728,27.227272727272727,173.5,0.1195272727272727,0.1363636363636363,22,16285.714285714286,0.1818181818181818,0.2727272727272727,74.34587765175365,0
u111,141.77777777777777,27.666666666666668,169.44444444444446,0.2401722222222222,0.1666666666666666,18,16941.176470588234,0.4444444444444444,0.2777777777777778,69.98421857585612,0
u112,175.95238095238096,30.19047619047619,206.14285714285717,0.3033333333333333,0.0952380952380952,21,18360.0,0.1904761904761904,0.2857142857142857,77.91231334922979,0
u113,147.7058823529412,28.11764705882353,175.8235294117647,0.3455176470588235,0.0588235294117647,17,18000.0,0.1764705882352941,0.3529411764705882,86.57672557774812,0
u114,117.77777777777776,24.5,142.27777777777777,0.2910611111111111,0.1111111111111111,18,14823.529411764706,0.1666666666666666,0.1666666666666666,67.36101644087411,0
u115,162.26315789473685,27.31578947368421,189.57894736842104,0.1079631578947368,0.2105263157894736,19,20400.0,0.2631578947368421,0.2631578947368421,84.46321736542657,0
u116,138.0,17.11111111111111,155.11111111111111,0.3116833333333333,0.1666666666666666,18,20329.41176470588,0.3333333333333333,0.3888888888888889,108.85170099937582,0
u117,176.55555555555554,23.05555555555556,199.61111111111111,0.4431944444444444,0.0555555555555555,18,18000.0,0.0555555555555555,0.5,78.84843158490024,1
u118,163.5,28.818181818181817,192.3181818181818,0.2562681818181818,0.2272727272727272,22,17485.714285714286,0.3636363636363636,0.1818181818181818,98.31019244917556,0
u119,130.38095238095238,27.904761904761905,158.28571428571428,0.4038,0.0952380952380952,21,17100.0,0.238095238095238,0.3333333333333333,103.0980809021889,0
u120,137.6,26.5,164.1,0.34492,0.15,20,17052.63157894737,0.2,0.35,82.72904409481657,0
u121,166.52941176470588,25.41176470588235,191.94117647058823,0.2478058823529411,0.1764705882352941,17,18900.0,0.2941176470588235,0.3529411764705882,76.00038699591872,0
u122,161.5,20.65,182.15,0.383425,0.05,20,18189.473684210527,0.25,0.2,93.97831496792504,0
u123,140.0,20.571428571428573,160.57142857142858,0.297347619047619,0.0952380952380952,21,19440.0,0.2857142857142857,0.4761904761904761,77.39739751992404,1
u124,170.66666666666666,17.857142857142858,188.52380952380952,0.3472952380952381,0.0952380952380952,21,12960.0,0.1428571428571428,0.3333333333333333,80.5162213765767,0
u125,125.5,23.22222222222222,148.72222222222223,0.2354055555555555,0.1111111111111111,18,17788.235294117647,0.1666666666666666,0.3888888888888889,71.11945672024645,0
u126,127.66666666666669,24.476190476190474,152.14285714285714,0.3435333333333333,0.0,21,18360.0,0.1428571428571428,0.238095238095238,93.0044545784156,0
u127,126.85714285714286,26.571428571428573,153.42857142857142,0.3234476190476191,0.1428571428571428,21,17280.0,0.238095238095238,0.3809523809523809,69.86814111493982,0
u128,165.0,26.77777777777778,191.77777777777777,0.2310777777777777,0.1111111111111111,18,20329.41176470588,0.2777777777777778,0.2222222222222222,84.3016680845051,0
u129,183.5,25.83333333333333,209.33333333333331,0.3158611111111111,0.1111111111111111,18,24141.176470588234,0.1666666666666666,0.2222222222222222,85.59411744493,0
u130,144.15,25.35,169.5,0.243615,0.2,20,18189.473684210527,0.35,0.25,84.76065373186212,0
u131,145.71428571428572,25.0,170.71428571428572,0.2648142857142857,0.0952380952380952,21,22680.0,0.3333333333333333,0.1904761904761904,88.967490049536,0
u132,189.73684210526315,28.105263157894736,217.8421052631579,0.4076684210526315,0.1052631578947368,19,18000.0,0.3157894736842105,0.3157894736842105,85.13470578239506,0
u133,135.28571428571428,26.61904761904762,161.9047619047619,0.3209095238095238,0.1428571428571428,21,21600.0,0.2857142857142857,0.3333333333333333,96.27248036791448,0
u134,147.42857142857142,26.666666666666668,174.0952380952381,0.0917238095238095,0.3333333333333333,21,15120.0,0.4285714285714285,0.238095238095238,87.24271016073764,0
u135,148.65,26.9,175.55,0.387045,0.05,20,21600.0,0.2,0.35,88.55951017313309,0
u136,130.73684210526315,25.63157894736842,156.3684210526316,0.1689947368421052,0.2105263157894736,19,15600.0,0.3157894736842105,0.3157894736842105,98.28880942650352,0
u137,124.73684210526316,27.63157894736842,152.3684210526316,0.4921421052631579,0.0526315789473684,19,18000.0,0.2631578947368421,0.3157894736842105,89.12301768175129,0
u138,138.5,28.166666666666668,166.66666666666666,0.4143333333333333,0.1111111111111111,18,19058.82352941177,0.2777777777777778,0.4444444444444444,100.60113436385356,1
u139,130.33333333333334,23.761904761904763,154.0952380952381,0.2824047619047619,0.1904761904761904,21,14400.0,0.3809523809523809,0.1904761904761904,78.5594709515694,0
u140,155.3684210526316,22.84210526315789,178.21052631578948,0.4172421052631579,0.0,19,20400.0,0.2105263157894736,0.2105263157894736,95.23746866961812,0
u141,141.22222222222223,20.5,161.72222222222223,0.2079166666666666,0.1666666666666666,18,20329.41176470588,0.2777777777777778,0.2222222222222222,86.54737264884649,0
u142,142.23809523809524,26.761904761904763,169.0,0.2632142857142857,0.1428571428571428,21,21600.0,0.1428571428571428,0.1904761904761904,102.68982422810936,0
u143,128.22222222222223,24.05555555555556,152.27777777777777,0.3000055555555556,0.0555555555555555,18,22870.58823529412,0.2222222222222222,0.2222222222222222,82.20405425493145,0
u144,162.41176470588235,32.294117647058826,194.7058823529412,0.320564705882353,0.1764705882352941,17,13500.0,0.2941176470588235,0.3529411764705882,78.71289975750668,0
u145,150.9,25.35,176.25,0.18707,0.15,20,14210.526315789471,0.25,0.35,111.0049192840712,0
u146,164.83333333333334,24.666666666666668,189.5,0.2499666666666667,0.1111111111111111,18,18000.0,0.2222222222222222,0.3333333333333333,92.46700524416008,0
u147,161.88888888888889,24.0,185.88888888888889,0.3191055555555555,0.1666666666666666,18,19058.82352941177,0.2777777777777778,0.2222222222222222,70.97629172426596,0
u148,142.26315789473685,26.94736842105263,169.21052631578948,0.3189315789473684,0.1578947368421052,19,11000.0,0.3684210526315789,0.4210526315789473,91.80630512562148,1
u149,156.68421052631578,24.84210526315789,181.52631578947367,0.1414736842105263,0.3157894736842105,19,14400.0,0.4210526315789473,0.3157894736842105,80.57320234217151,0
u150,175.0,22.142857142857142,197.14285714285717,0.2896809523809524,0.0,21,12240.0,0.0952380952380952,0.1904761904761904,96.37960661586337,0
u151,155.22727272727272,29.545454545454547,184.77272727272728,0.2467318181818181,0.0909090909090909,22,21600.0,0.3181818181818182,0.3181818181818182,85.86197773624376,0
u152,133.95,22.65,156.6,0.18965,0.15,20,14778.947368421052,0.25,0.15,86.80310448001512,0
u153,157.26315789473685,23.68421052631579,180.94736842105263,0.2939473684210526,0.1578947368421052,19,19000.0,0.2105263157894736,0.1052631578947368,85.11265324668277,0
u154,122.6842105263158,24.63157894736842,147.31578947368422,0.2632947368421052,0.1052631578947368,19,18000.0,0.1052631578947368,0.3684210526315789,79.73431760232711,0
u155,157.71428571428572,30.476190476190474,188.1904761904762,0.2934428571428571,0.0476190476190476,21,21600.0,0.0476190476190476,0.3333333333333333,83.49348420542708,0
u156,129.66666666666666,30.38888888888889,160.05555555555554,0.3440388888888889,0.1111111111111111,18,19058.82352941177,0.3333333333333333,0.3333333333333333,81.11971706516256,0
u157,115.86363636363636,26.772727272727277,142.63636363636363,0.2394772727272727,0.2272727272727272,22,21600.0,0.2727272727272727,0.4545454545454545,65.35292135019161,1
u158,115.35,29.9,145.25,0.3770699999999999,0.15,20,15157.894736842103,0.4,0.35,93.55993013205916,0
u159,131.5,32.0,163.5,0.4182388888888889,0.0555555555555555,18,19058.82352941177,0.1111111111111111,0.2777777777777778,91.740843428329,0
u160,116.10526315789474,24.84210526315789,140.94736842105263,0.2274631578947368,0.1052631578947368,19,16800.0,0.2631578947368421,0.2105263157894736,84.37052782170015,0
u161,178.4,18.0,196.4,0.296475,0.2,20,18000.0,0.35,0.1,81.54262688925346,0
u162,126.36363636363636,22.727272727272727,149.0909090909091,0.2465590909090909,0.0909090909090909,22,18514.285714285717,0.3181818181818182,0.3181818181818182,72.34764556073556,0
u163,126.95238095238096,17.142857142857142,144.0952380952381,0.4228809523809523,0.0476190476190476,21,18360.0,0.238095238095238,0.2857142857142857,92.6228399272581,0
u164,170.3684210526316,27.105263157894736,197.47368421052636,0.3742473684210526,0.0526315789473684,19,21600.0,0.1578947368421052,0.3157894736842105,78.04583298795411,0
u165,150.8,29.4,180.2,0.31216,0.15,20,18000.0,0.35,0.4,75.19980403109965,0
u166,132.33333333333334,32.77777777777778,165.11111111111111,0.2938833333333333,0.1666666666666666,18,18000.0,0.2777777777777778,0.4444444444444444,75.31181368846292,1
u167,144.16666666666666,26.05555555555556,170.22222222222223,0.2122055555555555,0.1111111111111111,18,21600.0,0.2222222222222222,0.1666666666666666,101.47358714901571,0
u168,163.28571428571428,26.047619047619047,189.33333333333331,0.4501571428571428,0.0,21,17100.0,0.0,0.238095238095238,102.0859115320686,0
u169,163.89473684210526,22.0,185.8947368421053,0.415978947368421,0.1052631578947368,19,17000.0,0.3157894736842105,0.3684210526315789,95.90961876037372,0
u170,129.66666666666666,21.166666666666668,150.83333333333334,0.2779388888888889,0.1111111111111111,18,21600.0,0.1666666666666666,0.2222222222222222,100.10773608232988,0
u171,139.0,27.88888888888889,166.88888888888889,0.4171388888888889,0.1111111111111111,18,21600.0,0.2777777777777778,0.3333333333333333,93.53004480404012,0
u172,117.5625,24.0,141.5625,0.35389375,0.0,16,18720.0,0.0,0.3125,88.18841099222354,0
u173,170.31578947368422,30.789473684210527,201.10526315789477,0.2773578947368421,0.2631578947368421,19,20400.0,0.4210526315789473,0.2631578947368421,81.89959621175872,0
u174,130.83333333333334,17.944444444444443,148.77777777777777,0.4055777777777777,0.0555555555555555,18,19058.82352941177,0.2777777777777778,0.2777777777777778,84.79286565130039,0
u175,200.7058823529412,22.47058823529412,223.1764705882353,0.299135294117647,0.1176470588235294,17,19125.0,0.2352941176470588,0.2941176470588235,79.30261289367901,0
u176,119.38095238095238,22.714285714285715,142.0952380952381,0.290852380952381,0.0476190476190476,21,14400.0,0.0952380952380952,0.4285714285714285,74.1545040856621,1
u177,150.0,27.36842105263158,177.3684210526316,0.305078947368421,0.1578947368421052,19,20400.0,0.3157894736842105,0.1052631578947368,97.35685248171389,0
u178,156.25,25.75,182.0,0.1883,0.15,20,21600.0,0.2,0.1,75.8398589827692,0
u179,174.66666666666666,23.666666666666668,198.33333333333331,0.2473111111111111,0.1666666666666666,18,13764.70588235294,0.2777777777777778,0.2222222222222222,76.87346363840194,0
u180,181.75,26.35,208.1,0.36724,0.1,20,18947.36842105263,0.15,0.3,86.12530650774272,0
u181,174.85714285714286,24.33333333333333,199.1904761904762,0.4693619047619047,0.0952380952380952,21,21600.0,0.3333333333333333,0.238095238095238,94.96242364620812,0
u182,141.77777777777777,31.166666666666668,172.94444444444446,0.2474277777777777,0.1666666666666666,18,22870.58823529412,0.3333333333333333,0.4444444444444444,62.18896461802076,1
u183,150.27777777777777,27.83333333333333,178.11111111111111,0.4038666666666667,0.0,18,16941.176470588234,0.1666666666666666,0.3333333333333333,96.90194491394163,0
u184,127.23809523809524,26.857142857142858,154.0952380952381,0.2685857142857142,0.238095238095238,21,17100.0,0.4761904761904761,0.1904761904761904,96.29325249564724,0
u185,164.83333333333334,28.38888888888889,193.22222222222223,0.3732277777777777,0.0555555555555555,18,17788.235294117647,0.1666666666666666,0.3333333333333333,102.0516337336763,0
u186,154.0,24.7,178.7,0.337265,0.2,20,15915.78947368421,0.45,0.4,92.57037152464348,0
u187,139.55555555555554,21.166666666666668,160.72222222222223,0.3789944444444444,0.0555555555555555,18,21600.0,0.1111111111111111,0.2222222222222222,82.79798630370011,0
u188,173.1,25.85,198.95,0.170015,0.25,20,17052.63157894737,0.4,0.25,99.74835442515489,0
u189,174.85,23.9,198.75,0.29381,0.1,20,18189.473684210527,0.3,0.2,97.32629600851376,0
u190,159.0,26.23809523809524,185.23809523809524,0.2786142857142857,0.1904761904761904,21,17280.0,0.2857142857142857,0.238095238095238,94.81925161163464,0
u191,177.11764705882354,23.58823529411765,200.7058823529412,0.3576176470588235,0.1176470588235294,17,17550.0,0.2352941176470588,0.2941176470588235,90.07896862328796,0
u192,159.75,26.6,186.35,0.410785,0.0,20,16105.263157894737,0.1,0.45,94.67077301447311,1
u193,170.5,26.11111111111111,196.61111111111111,0.1491833333333333,0.1111111111111111,18,20329.41176470588,0.2222222222222222,0.3333333333333333,70.39062344716834,0
u194,123.22222222222224,26.5,149.72222222222223,0.2867666666666666,0.1666666666666666,18,18000.0,0.2777777777777778,0.3888888888888889,95.48501918567588,0
u195,171.0909090909091,28.181818181818183,199.27272727272728,0.2513454545454545,0.1818181818181818,22,19542.85714285714,0.2272727272727272,0.2727272727272727,96.73832244929118,0
u196,126.57142857142856,26.09523809523809,152.66666666666666,0.293,0.0476190476190476,21,16200.0,0.0952380952380952,0.2857142857142857,97.00584174849126,0
u197,156.78947368421052,28.73684210526316,185.52631578947367,0.2007263157894737,0.2105263157894736,19,10800.0,0.2631578947368421,0.3157894736842105,102.40299931645482,0
u198,160.72222222222223,23.166666666666668,183.88888888888889,0.1826777777777777,0.1111111111111111,18,14400.0,0.1666666666666666,0.3888888888888889,86.65950196629191,0
u199,194.3636363636364,24.318181818181817,218.6818181818182,0.3233863636363636,0.0909090909090909,22,21600.0,0.1818181818181818,0.3181818181818182,79.77789786032838,0
u200,116.23809523809524,22.61904761904762,138.85714285714286,0.3962857142857142,0.0,21,19440.0,0.0952380952380952,0.3333333333333333,89.07597078577686,0
u201,164.52380952380952,26.38095238095238,190.9047619047619,0.3736761904761905,0.0952380952380952,21,16200.0,0.0952380952380952,0.1428571428571428,85.79096966575487,0
u202,119.23809523809524,26.38095238095238,145.61904761904762,0.2999857142857142,0.0476190476190476,21,18360.0,0.238095238095238,0.238095238095238,78.20580297553128,0
u203,147.94736842105263,26.789473684210527,174.73684210526315,0.3301421052631579,0.1052631578947368,19,16000.0,0.2631578947368421,0.1578947368421052,92.3651221483179,0
u204,162.0,25.27777777777778,187.27777777777777,0.0511333333333333,0.1111111111111111,18,16941.176470588234,0.1111111111111111,0.2222222222222222,80.28830810460917,0
u205,140.38095238095238,26.857142857142858,167.23809523809524,0.3587714285714286,0.1428571428571428,21,21600.0,0.238095238095238,0.0952380952380952,88.80647767021544,0
u206,149.94736842105263,27.05263157894737,177.0,0.3271157894736842,0.1052631578947368,19,21600.0,0.2105263157894736,0.3684210526315789,85.20172142235938,0
u207,134.63636363636363,28.818181818181817,163.45454545454547,0.3291,0.0909090909090909,22,14400.0,0.2272727272727272,0.4545454545454545,74.93853180963416,1
u208,139.6,26.3,165.9,0.267115,0.05,20,21600.0,0.1,0.45,101.84348156284771,1
u209,148.22222222222223,26.444444444444443,174.66666666666666,0.2880999999999999,0.1111111111111111,18,16941.176470588234,0.2222222222222222,0.2777777777777778,77.71365237013302,0
u210,145.45,24.3,169.75,0.315785,0.05,20,18189.473684210527,0.15,0.3,85.38635106015728,0
u211,130.47058823529412,27.94117647058824,158.41176470588235,0.3637882352941176,0.1176470588235294,17,21600.0,0.1764705882352941,0.2941176470588235,72.95465956977097,0
u212,128.8095238095238,31.09523809523809,159.9047619047619,0.3522238095238095,0.0,21,18900.0,0.0952380952380952,0.1904761904761904,94.87196886430932,0
u213,176.8421052631579,20.36842105263158,197.21052631578948,0.3328157894736842,0.2105263157894736,19,16000.0,0.4210526315789473,0.1578947368421052,81.97396534358971,0
u214,147.35,20.75,168.1,0.205285,0.15,20,14210.526315789471,0.25,0.2,90.84046165494873,0
u215,170.77777777777777,20.5,191.27777777777777,0.3686611111111111,0.1111111111111111,18,12705.882352941177,0.2777777777777778,0.1111111111111111,94.7646034411556,0
u216,124.44444444444444,28.166666666666668,152.61111111111111,0.2938111111111111,0.0555555555555555,18,22870.58823529412,0.0555555555555555,0.2222222222222222,102.68864356071644,0
u217,160.0,23.27777777777778,183.27777777777777,0.2486944444444444,0.2222222222222222,18,22870.58823529412,0.3333333333333333,0.3333333333333333,95.05280610120052,0
u218,143.28571428571428,21.857142857142858,165.14285714285714,0.3084809523809523,0.0476190476190476,21,15300.0,0.1428571428571428,0.238095238095238,66.67779668996697,0
u219,152.25,19.15,171.4,0.30808,0.1,20,18000.0,0.2,0.2,83.15578278464051,0
u220,134.26315789473685,29.05263157894737,163.31578947368422,0.0376421052631579,0.4736842105263157,19,14400.0,0.631578947368421,0.2631578947368421,86.63784946006177,0
u221,146.95454545454547,20.727272727272727,167.6818181818182,0.3278090909090909,0.1363636363636363,22,16285.714285714286,0.1818181818181818,0.0909090909090909,106.2626513985562,0
u222,157.65,25.75,183.4,0.36213,0.1,20,18189.473684210527,0.2,0.35,91.50634145410793,0
u223,162.1764705882353,25.294117647058822,187.4705882352941,0.1547823529411764,0.1176470588235294,17,22950.0,0.1176470588235294,0.1176470588235294,100.2902772250748,0
u224,145.0909090909091,24.454545454545453,169.54545454545453,0.2204590909090909,0.2727272727272727,22,20571.42857142857,0.4090909090909091,0.3181818181818182,97.78388574651916,0
u225,172.1578947368421,27.210526315789476,199.3684210526316,0.2896315789473684,0.0526315789473684,19,20400.0,0.1578947368421052,0.3157894736842105,83.86643516549645,0
u226,104.8095238095238,29.666666666666668,134.47619047619048,0.2972809523809524,0.0952380952380952,21,20520.0,0.238095238095238,0.2857142857142857,86.69349401634419,0
u227,144.5,22.61111111111111,167.11111111111111,0.3128777777777778,0.0555555555555555,18,13552.941176470587,0.0555555555555555,0.3888888888888889,90.54923190559272,0
u228,152.5909090909091,24.227272727272727,176.8181818181818,0.3926545454545455,0.0454545454545454,22,18000.0,0.1818181818181818,0.4090909090909091,74.20411769067188,1
u229,178.0,25.05,203.05,0.3885699999999999,0.1,20,21600.0,0.25,0.1,85.84409062210888,0
u230,168.04545454545453,23.954545454545453,192.0,0.3687136363636364,0.1363636363636363,22,16285.714285714286,0.2727272727272727,0.3636363636363636,97.44839904375276,0
u231,148.0,25.857142857142858,173.85714285714286,0.3926523809523809,0.1428571428571428,21,17100.0,0.3333333333333333,0.2857142857142857,92.96520086262692,0
u232,140.61904761904762,24.476190476190474,165.0952380952381,0.5809285714285715,0.0,21,22680.0,0.2857142857142857,0.3809523809523809,85.76940291380416,0
u233,170.4090909090909,23.727272727272727,194.13636363636363,0.5136000000000001,0.0454545454545454,22,21600.0,0.1363636363636363,0.2272727272727272,87.10382171624707,0
u234,121.78947368421052,19.157894736842103,140.94736842105263,0.4685789473684211,0.0526315789473684,19,18000.0,0.1578947368421052,0.2105263157894736,79.10785442406429,0
u235,172.95,19.75,192.7,0.187975,0.15,20,20463.157894736843,0.2,0.35,91.85577940732044,0
u236,145.10526315789474,20.105263157894736,165.21052631578948,0.5839947368421052,0.0,19,14400.0,0.2105263157894736,0.2105263157894736,91.73123722615397,0
u237,158.5,26.7,185.2,0.22769,0.2,20,22736.84210526316,0.25,0.3,81.84684027595624,0
u238,170.31578947368422,29.84210526315789,200.1578947368421,0.175778947368421,0.1052631578947368,19,15200.0,0.1578947368421052,0.3157894736842105,83.2160929667752,0
u239,159.27777777777777,19.11111111111111,178.38888888888889,0.3691222222222222,0.1666666666666666,18,19058.82352941177,0.5,0.2222222222222222,84.5201952121078,0
u240,149.13636363636363,22.227272727272727,171.36363636363637,0.4345409090909091,0.0909090909090909,22,14571.42857142857,0.2272727272727272,0.3181818181818182,93.30877846445176,0
u241,163.0,26.8,189.8,0.135685,0.3,20,6821.052631578948,0.35,0.35,79.86145898729217,0
u242,164.5909090909091,26.727272727272727,191.3181818181818,0.1555545454545454,0.1363636363636363,22,19542.85714285714,0.2272727272727272,0.3181818181818182,81.34312179406112,0
u243,147.0,25.85,172.85,0.27269,0.1,20,21600.0,0.3,0.3,95.36096244215835,0
u244,167.77777777777777,28.444444444444443,196.22222222222223,0.28825,0.1111111111111111,18,14823.529411764706,0.2222222222222222,0.2777777777777778,84.03259560541377,0
u245,168.52941176470588,24.47058823529412,193.0,0.2727764705882353,0.1764705882352941,17,20250.0,0.3529411764705882,0.2941176470588235,92.7105711340406,0
u246,145.15,31.25,176.4,0.44257,0.1,20,21600.0,0.2,0.25,81.14340781344438,0
u247,143.11111111111111,24.166666666666668,167.27777777777777,0.1212888888888889,0.1666666666666666,18,15882.35294117647,0.2222222222222222,0.3888888888888889,71.40423908618538,0
u248,146.89473684210526,23.894736842105264,170.78947368421052,0.3425157894736841,0.0526315789473684,19,18000.0,0.2105263157894736,0.3157894736842105,73.94636115107612,0
u249,164.9,22.45,187.35,0.31753,0.2,20,20463.157894736843,0.25,0.35,107.58804228214798,0
u250,154.3684210526316,26.789473684210527,181.1578947368421,0.0333631578947368,0.3157894736842105,19,20400.0,0.4210526315789473,0.2631578947368421,94.1306793522794,0
u251,143.83333333333334,21.61111111111111,165.44444444444446,0.3482722222222222,0.0555555555555555,18,15247.058823529413,0.2222222222222222,0.3888888888888889,75.33940631429776,0
u252,168.88888888888889,24.88888888888889,193.77777777777777,0.3220111111111111,0.1666666666666666,18,18000.0,0.4444444444444444,0.3333333333333333,93.1750759121871,0
u253,156.68421052631578,19.26315789473684,175.94736842105263,0.3617473684210526,0.0526315789473684,19,21600.0,0.2105263157894736,0.2631578947368421,79.17734923309158,0
u254,126.0,24.666666666666668,150.66666666666666,0.2281904761904762,0.1904761904761904,21,15300.0,0.3333333333333333,0.3333333333333333,90.93697451165468,0
u255,164.52631578947367,27.36842105263158,191.8947368421053,0.3453052631578948,0.1578947368421052,19,21600.0,0.2105263157894736,0.3684210526315789,95.23006921068232,0
u256,135.4090909090909,28.318181818181817,163.72727272727272,0.4384090909090909,0.0909090909090909,22,17142.85714285714,0.2727272727272727,0.1818181818181818,76.1272004565428,0
u257,133.22222222222223,29.166666666666668,162.38888888888889,0.2280944444444445,0.2222222222222222,18,19058.82352941177,0.3333333333333333,0.1666666666666666,90.02688414735371,0
u258,140.5,23.0,163.5,0.3408277777777778,0.0555555555555555,18,18000.0,0.1666666666666666,0.2777777777777778,99.77047187832444,0
u259,119.33333333333331,27.52380952380953,146.85714285714286,0.3112285714285714,0.1428571428571428,21,13680.0,0.3809523809523809,0.3809523809523809,74.7878905400371,0
u260,118.0625,17.8125,135.875,0.20105,0.25,16,16320.0,0.4375,0.125,87.47561564992459,0
u261,161.5,27.35,188.85,0.15807,0.2,20,17052.63157894737,0.35,0.45,88.59920101813917,1
u262,146.1578947368421,25.63157894736842,171.78947368421052,0.1869315789473684,0.1578947368421052,19,21600.0,0.1578947368421052,0.3684210526315789,83.44497784459757,0
u263,136.72222222222223,23.166666666666668,159.88888888888889,0.3451944444444444,0.0,18,19058.82352941177,0.1666666666666666,0.2222222222222222,96.86369373195868,0
u264,156.55555555555554,22.33333333333333,178.88888888888889,0.3570444444444444,0.1111111111111111,18,16941.176470588234,0.2777777777777778,0.3333333333333333,97.71500510270786,0
u265,141.38888888888889,19.77777777777778,161.16666666666666,0.1977166666666666,0.2777777777777778,18,18000.0,0.4444444444444444,0.2222222222222222,85.0102069996165,0
u266,158.14285714285714,26.476190476190474,184.6190476190476,0.3346952380952381,0.0476190476190476,21,18000.0,0.1428571428571428,0.238095238095238,101.68749981707496,0
u267,155.33333333333334,27.27777777777778,182.61111111111111,0.3540444444444444,0.1111111111111111,18,16941.176470588234,0.1666666666666666,0.2777777777777778,96.63036843857714,0
u268,136.71428571428572,26.285714285714285,163.0,0.190447619047619,0.1904761904761904,21,17280.0,0.2857142857142857,0.2857142857142857,76.21679604916491,0
u269,192.77272727272728,20.454545454545453,213.22727272727272,0.1915954545454545,0.2727272727272727,22,21600.0,0.3181818181818182,0.1818181818181818,77.11212110154422,0
u270,168.3,26.3,194.6,0.375175,0.0,20,14400.0,0.0,0.3,90.99647188070998,0
u271,161.36363636363637,28.954545454545453,190.3181818181818,0.3783954545454545,0.0909090909090909,22,20571.42857142857,0.1818181818181818,0.3636363636363636,79.28633243392275,0
u272,136.61111111111111,22.33333333333333,158.94444444444446,0.1889055555555555,0.2777777777777778,18,18000.0,0.4444444444444444,0.4444444444444444,93.41335854981104,1
u273,125.10526315789474,24.63157894736842,149.73684210526315,0.4576789473684211,0.1052631578947368,19,20400.0,0.3157894736842105,0.2105263157894736,88.80868457611761,0
u274,149.75,23.1,172.85,0.3028499999999999,0.1,20,19326.315789473683,0.3,0.4,82.19954859653235,0
u275,162.9047619047619,27.285714285714285,190.1904761904762,0.2529904761904762,0.0952380952380952,21,20520.0,0.1904761904761904,0.238095238095238,84.95917787244592,0
u276,153.94444444444446,26.83333333333333,180.77777777777777,0.28975,0.1111111111111111,18,16517.647058823528,0.2777777777777778,0.5,90.9838741727188,1
u277,160.88888888888889,21.38888888888889,182.27777777777777,0.1724833333333333,0.0,18,21600.0,0.0555555555555555,0.1666666666666666,83.24931058224026,0
u278,139.65,31.65,171.3,0.342495,0.1,20,20463.157894736843,0.25,0.35,84.82495908758533,0
u279,139.11111111111111,25.61111111111111,164.72222222222223,0.2104388888888889,0.1666666666666666,18,16941.176470588234,0.1666666666666666,0.2777777777777778,115.12898421568715,0
u280,174.57142857142858,23.19047619047619,197.7619047619048,0.2218095238095238,0.1428571428571428,21,18000.0,0.238095238095238,0.5238095238095238,87.2346861987276,1
u281,156.8095238095238,24.80952380952381,181.6190476190476,0.3062,0.0952380952380952,21,15300.0,0.238095238095238,0.3333333333333333,89.66854308534079,0
u282,123.0,28.444444444444443,151.44444444444446,0.4085611111111111,0.1111111111111111,18,17788.235294117647,0.3888888888888889,0.4444444444444444,89.93018352309046,1
u283,172.57894736842104,25.789473684210527,198.3684210526316,0.2551052631578948,0.2105263157894736,19,18000.0,0.2631578947368421,0.3157894736842105,81.18101209732605,0
u284,124.10526315789474,26.789473684210527,150.89473684210526,0.3647473684210526,0.2105263157894736,19,20400.0,0.3684210526315789,0.2105263157894736,96.13814986595656,0
u285,126.15789473684212,27.68421052631579,153.8421052631579,0.3975368421052632,0.1052631578947368,19,19200.0,0.1578947368421052,0.3157894736842105,91.24403369103388,0
u286,175.42105263157896,20.84210526315789,196.26315789473685,0.4272421052631578,0.0526315789473684,19,19200.0,0.2631578947368421,0.1578947368421052,86.54211698182513,0
u287,152.1,19.7,171.8,0.20305,0.15,20,22736.84210526316,0.35,0.45,93.11204342929516,1
u288,129.33333333333334,21.05555555555556,150.38888888888889,0.4142388888888889,0.0555555555555555,18,17788.235294117647,0.2777777777777778,0.2222222222222222,78.5539446636655,0
u289,140.94444444444446,20.944444444444443,161.88888888888889,0.36845,0.0555555555555555,18,14823.529411764706,0.2222222222222222,0.3333333333333333,99.88104035412437,0
u290,136.61904761904762,24.80952380952381,161.42857142857142,0.4554761904761905,0.0952380952380952,21,20520.0,0.3333333333333333,0.3333333333333333,91.6981850575961,0
u291,191.26315789473685,28.36842105263158,219.6315789473684,0.2524105263157895,0.1578947368421052,19,20400.0,0.3157894736842105,0.2631578947368421,83.99220236712175,0
u292,156.85714285714286,27.428571428571427,184.28571428571428,0.3135380952380952,0.0952380952380952,21,18360.0,0.238095238095238,0.1904761904761904,93.6568966265394,0
u293,152.44444444444446,26.83333333333333,179.27777777777777,0.3424777777777777,0.1666666666666666,18,17788.235294117647,0.3333333333333333,0.4444444444444444,77.79218587368872,1
u294,124.5909090909091,24.818181818181817,149.4090909090909,0.3054409090909091,0.1363636363636363,22,14571.42857142857,0.2272727272727272,0.1363636363636363,86.85875731867067,0
u295,146.05555555555554,27.5,173.55555555555554,0.2618611111111111,0.1111111111111111,18,17788.235294117647,0.1666666666666666,0.2777777777777778,87.86234033801514,0
u296,118.45,29.35,147.8,0.209525,0.2,20,21600.0,0.3,0.3,72.30607457919862,0
u297,143.85714285714286,25.80952380952381,169.66666666666666,0.2344619047619047,0.1428571428571428,21,12960.0,0.1904761904761904,0.1428571428571428,80.24607986271562,0
u298,157.4090909090909,22.318181818181817,179.72727272727272,0.3160045454545454,0.0,22,18514.285714285717,0.0909090909090909,0.3181818181818182,82.80164584181013,0
u299,166.1,21.7,187.8,0.17902,0.15,20,18189.473684210527,0.15,0.2,97.33642148429549,0
u300,148.05263157894737,22.57894736842105,170.6315789473684,0.1121894736842105,0.2105263157894736,19,16800.0,0.2631578947368421,0.1578947368421052,83.01954958944964,0
u301,139.23809523809524,27.61904761904762,166.85714285714286,0.2796571428571428,0.1428571428571428,21,15120.0,0.1904761904761904,0.2857142857142857,96.86964731756058,0
u302,135.85714285714286,30.047619047619047,165.9047619047619,0.3661571428571428,0.0476190476190476,21,16200.0,0.1904761904761904,0.1904761904761904,102.601610495111,0
u303,153.33333333333334,19.22222222222222,172.55555555555554,0.3467888888888889,0.1111111111111111,18,20329.41176470588,0.2777777777777778,0.2777777777777778,60.26726964820684,0
u304,108.89473684210526,21.05263157894737,129.94736842105263,0.2525368421052631,0.2105263157894736,19,19200.0,0.4736842105263157,0.2105263157894736,87.25917569339089,0
u305,141.71428571428572,20.428571428571427,162.14285714285714,0.2409857142857142,0.1904761904761904,21,20520.0,0.3333333333333333,0.2857142857142857,92.72879041284088,0
u306,153.25,28.7,181.95,0.229075,0.2,20,18189.473684210527,0.3,0.15,62.83099721098112,0
u307,164.22222222222223,24.55555555555556,188.77777777777777,0.1450833333333333,0.2777777777777778,18,13764.70588235294,0.3888888888888889,0.3888888888888889,80.5718937679851,0
u308,153.05263157894737,19.36842105263158,172.42105263157896,0.2758684210526316,0.1578947368421052,19,17000.0,0.3157894736842105,0.2631578947368421,94.26871508233712,0
u309,123.33333333333331,25.11111111111111,148.44444444444446,0.2047611111111111,0.1111111111111111,18,17788.235294117647,0.1666666666666666,0.3888888888888889,77.88620826506126,0
u310,127.76470588235294,29.764705882352946,157.52941176470588,0.2493176470588235,0.0588235294117647,17,19125.0,0.1176470588235294,0.3529411764705882,75.31443889376295,0
u311,144.25,25.85,170.1,0.324055,0.25,20,17052.63157894737,0.4,0.15,80.25413581734884,0
u312,150.05555555555554,28.5,178.55555555555554,0.2209166666666666,0.2222222222222222,18,20329.41176470588,0.3333333333333333,0.1666666666666666,99.6276728756342,0
u313,154.78947368421052,22.473684210526315,177.26315789473685,0.4741368421052631,0.0,19,17000.0,0.2105263157894736,0.1578947368421052,79.22109855423838,0
u314,146.05,26.1,172.15,0.347775,0.1,20,15157.894736842103,0.35,0.2,83.89107913178097,0
u315,135.95,16.75,152.7,0.3542,0.1,20,22736.84210526316,0.2,0.2,85.52752711692793,0
u316,147.66666666666666,27.55555555555556,175.22222222222223,0.2896777777777777,0.0555555555555555,18,16941.176470588234,0.1111111111111111,0.2777777777777778,90.20600968342706,0
u317,175.77777777777777,27.55555555555556,203.33333333333331,0.2133777777777777,0.2222222222222222,18,12705.882352941177,0.3333333333333333,0.5,92.37583080896786,1
u318,163.0952380952381,28.33333333333333,191.42857142857144,0.2255047619047619,0.1428571428571428,21,11340.0,0.238095238095238,0.3809523809523809,92.25647480181075,0
u319,176.6,24.9,201.5,0.36895,0.15,20,20463.157894736843,0.4,0.3,92.73817132687398,0
u320,128.125,22.6875,150.8125,0.38875,0.1875,16,12960.0,0.375,0.3125,92.42093467752136,0
u321,157.31578947368422,28.157894736842103,185.47368421052636,0.2828526315789473,0.0526315789473684,19,18000.0,0.1578947368421052,0.2631578947368421,95.58787023295642,0
u322,154.0,25.285714285714285,179.28571428571428,0.4841380952380952,0.0,21,19440.0,0.1428571428571428,0.3809523809523809,93.38101673099456,0
u323,145.25,25.25,170.5,0.338325,0.1,20,19326.315789473683,0.15,0.25,83.19001711364423,0
u324,168.94444444444446,20.666666666666668,189.61111111111111,0.3526611111111111,0.0,18,20329.41176470588,0.0555555555555555,0.2222222222222222,86.36934293308482,0
u325,137.94736842105263,20.0,157.94736842105263,0.3661,0.0526315789473684,19,14400.0,0.1578947368421052,0.1578947368421052,84.95062205266365,0
u326,154.4090909090909,28.454545454545453,182.8636363636364,0.3460363636363636,0.1363636363636363,22,15428.57142857143,0.2727272727272727,0.2272727272727272,89.12393481874415,0
u327,150.65,26.8,177.45,0.38713,0.1,20,21600.0,0.2,0.4,79.962145649314,0
u328,163.94736842105263,27.63157894736842,191.57894736842104,0.2621263157894736,0.1052631578947368,19,16800.0,0.2631578947368421,0.3157894736842105,87.70044709722198,0
u329,125.7,22.7,148.4,0.27113,0.15,20,18189.473684210527,0.2,0.25,84.99746126239671,0
u330,159.0952380952381,23.142857142857142,182.23809523809524,0.2020857142857142,0.238095238095238,21,15300.0,0.2857142857142857,0.2857142857142857,88.80985573792178,0
u331,147.13636363636363,20.318181818181817,167.45454545454547,0.3748045454545454,0.1363636363636363,22,18514.285714285717,0.3181818181818182,0.3181818181818182,80.322995149481,0
u332,170.05263157894737,23.526315789473685,193.57894736842104,0.2870736842105263,0.1578947368421052,19,8800.0,0.3157894736842105,0.2105263157894736,94.8755417431312,0
u333,152.3181818181818,24.772727272727277,177.0909090909091,0.221440909090909,0.0909090909090909,22,20571.42857142857,0.2727272727272727,0.2272727272727272,91.17064538592771,0
u334,133.33333333333334,23.22222222222222,156.55555555555554,0.5053833333333333,0.0,18,21600.0,0.3333333333333333,0.1111111111111111,86.29581287792263,0
u335,154.75,23.05,177.8,0.31599,0.2,20,20463.157894736843,0.2,0.45,87.11915615076316,1
u336,185.68421052631575,29.63157894736842,215.31578947368425,0.2467105263157894,0.2105263157894736,19,18000.0,0.2631578947368421,0.2631578947368421,82.02916326362835,0
u337,157.55,26.75,184.3,0.24121,0.15,20,14400.0,0.25,0.5,77.12266374521755,1
u338,146.05263157894737,27.0,173.05263157894737,0.3537263157894736,0.0,19,20400.0,0.1052631578947368,0.4210526315789473,97.49727841455686,1
u339,173.66666666666666,25.23809523809524,198.9047619047619,0.2644857142857142,0.1904761904761904,21,21600.0,0.1904761904761904,0.2857142857142857,76.3687794598714,0
u340,158.04761904761904,24.38095238095238,182.42857142857144,0.3550761904761905,0.1428571428571428,21,21600.0,0.238095238095238,0.2857142857142857,89.6011001207973,0
u341,168.1,23.9,192.0,0.1709,0.2,20,18000.0,0.2,0.15,85.32970112883815,0
u342,177.05,19.6,196.65,0.302575,0.05,20,21600.0,0.05,0.2,74.73481187012621,0
u343,139.89473684210526,23.94736842105263,163.8421052631579,0.3910473684210526,0.1052631578947368,19,21600.0,0.2105263157894736,0.2631578947368421,71.83102328682746,0
u344,130.27272727272728,27.045454545454547,157.3181818181818,0.23825,0.1363636363636363,22,21600.0,0.2727272727272727,0.1363636363636363,82.85005754151311,0
u345,170.9047619047619,26.80952380952381,197.7142857142857,0.2797190476190476,0.1428571428571428,21,18000.0,0.2857142857142857,0.3333333333333333,101.51657148325236,0
u346,140.42105263157896,25.894736842105264,166.31578947368422,0.4517263157894737,0.0526315789473684,19,21600.0,0.1052631578947368,0.3684210526315789,89.98027724116913,0
u347,159.23809523809524,26.285714285714285,185.52380952380952,0.3776333333333333,0.0476190476190476,21,18000.0,0.238095238095238,0.1904761904761904,106.48362270678952,0
u348,161.68421052631578,19.05263157894737,180.73684210526315,0.3119684210526316,0.1578947368421052,19,16800.0,0.2631578947368421,0.3157894736842105,85.35275957607617,0
u349,136.0,28.952380952380956,164.95238095238096,0.1816095238095238,0.0952380952380952,21,16200.0,0.1428571428571428,0.238095238095238,92.59777329421922,0
u350,172.76190476190476,32.523809523809526,205.28571428571428,0.189347619047619,0.0952380952380952,21,22680.0,0.0952380952380952,0.2857142857142857,98.7507685322716,0
